Datetime,Water Level (m)
2026-06-10 06:00:00,0.9507442
2026-06-10 07:00:00,0.7720226
2026-06-10 08:00:00,0.5599363
2026-06-10 09:00:00,0.3631752
2026-06-10 10:00:00,0.20071842
2026-06-10 11:00:00,0.06767351
2026-06-10 12:00:00,0.043913856
2026-06-10 13:00:00,0.24901134
2026-06-10 14:00:00,0.4706379
2026-06-10 15:00:00,0.78753316
2026-06-10 16:00:00,1.0223271
2026-06-10 17:00:00,1.0764481
2026-06-10 18:00:00,0.9805005
2026-06-10 19:00:00,0.7724096
2026-06-10 20:00:00,0.53763837
2026-06-10 21:00:00,0.3344889
2026-06-10 22:00:00,0.15261735
2026-06-10 23:00:00,-0.01566565
2026-06-11 00:00:00,-0.13769762
2026-06-11 01:00:00,-0.041163575
2026-06-11 02:00:00,0.29171285
2026-06-11 03:00:00,0.63018733
2026-06-11 04:00:00,1.031324
2026-06-11 05:00:00,1.2617458
2026-06-11 06:00:00,1.3272572
2026-06-11 07:00:00,1.2116247
2026-06-11 08:00:00,0.97205585
2026-06-11 09:00:00,0.70901555
2026-06-11 10:00:00,0.49961227
2026-06-11 11:00:00,0.30737647
2026-06-11 12:00:00,0.14145406
2026-06-11 13:00:00,0.048491377
2026-06-11 14:00:00,0.22469792
2026-06-11 15:00:00,0.4933333
2026-06-11 16:00:00,0.82776845
2026-06-11 17:00:00,1.1098458
2026-06-11 18:00:00,1.1754237
2026-06-11 19:00:00,1.0884457
2026-06-11 20:00:00,0.9034046
2026-06-11 21:00:00,0.6647492
2026-06-11 22:00:00,0.44329527
2026-06-11 23:00:00,0.25041702
2026-06-12 00:00:00,0.07681681
2026-06-12 01:00:00,-0.045564257
2026-06-12 02:00:00,0.08905655
2026-06-12 03:00:00,0.4223644
2026-06-12 04:00:00,0.7896131
2026-06-12 05:00:00,1.2078605
2026-06-12 06:00:00,1.4280334
2026-06-12 07:00:00,1.4750034
2026-06-12 08:00:00,1.3290343
2026-06-12 09:00:00,1.0609859
2026-06-12 10:00:00,0.781505
2026-06-12 11:00:00,0.564198
2026-06-12 12:00:00,0.35762033
2026-06-12 13:00:00,0.17489454
2026-06-12 14:00:00,0.044182714
2026-06-12 15:00:00,0.19611895
2026-06-12 16:00:00,0.5064583
2026-06-12 17:00:00,0.8428997
2026-06-12 18:00:00,1.1363151
2026-06-12 19:00:00,1.166234
2026-06-12 20:00:00,1.0398592
2026-06-12 21:00:00,0.8435763
2026-06-12 22:00:00,0.61210203
2026-06-12 23:00:00,0.40168092
2026-06-13 00:00:00,0.20569372
2026-06-13 01:00:00,0.030878179
2026-06-13 02:00:00,-0.09807071
2026-06-13 03:00:00,0.08662499
2026-06-13 04:00:00,0.44443116
2026-06-13 05:00:00,0.868338
2026-06-13 06:00:00,1.3223209
2026-06-13 07:00:00,1.5473573
2026-06-13 08:00:00,1.5715071
2026-06-13 09:00:00,1.3801641
2026-06-13 10:00:00,1.0857294
2026-06-13 11:00:00,0.8050515
2026-06-13 12:00:00,0.58590525
2026-06-13 13:00:00,0.37111485
2026-06-13 14:00:00,0.1862312
2026-06-13 15:00:00,0.054408357
2026-06-13 16:00:00,0.2818867
2026-06-13 17:00:00,0.6189945
2026-06-13 18:00:00,0.9827584
2026-06-13 19:00:00,1.2797831
2026-06-13 20:00:00,1.2955498
2026-06-13 21:00:00,1.1533895
2026-06-13 22:00:00,0.9284877
2026-06-13 23:00:00,0.677236
2026-06-14 00:00:00,0.46327293
2026-06-14 01:00:00,0.2618932
2026-06-14 02:00:00,0.08412376
2026-06-14 03:00:00,-0.04626897
2026-06-14 04:00:00,0.20395727
2026-06-14 05:00:00,0.608663
2026-06-14 06:00:00,1.0793873
2026-06-14 07:00:00,1.547196
2026-06-14 08:00:00,1.7426759
2026-06-14 09:00:00,1.7227724
2026-06-14 10:00:00,1.4696978
2026-06-14 11:00:00,1.1365216
2026-06-14 12:00:00,0.8541627
2026-06-14 13:00:00,0.63121575
2026-06-14 14:00:00,0.40589115
2026-06-14 15:00:00,0.21559432
2026-06-14 16:00:00,0.08489926
2026-06-14 17:00:00,0.35007793
2026-06-14 18:00:00,0.6998127
2026-06-14 19:00:00,1.0894965
2026-06-14 20:00:00,1.3628714
2026-06-14 21:00:00,1.3350832
2026-06-14 22:00:00,1.160049
2026-06-14 23:00:00,0.9235423
2026-06-15 00:00:00,0.66614866
2026-06-15 01:00:00,0.44871002
2026-06-15 02:00:00,0.24271761
2026-06-15 03:00:00,0.06573272
2026-06-15 04:00:00,-0.041138284
2026-06-15 05:00:00,0.34612957
2026-06-15 06:00:00,0.7469318
2026-06-15 07:00:00,1.2602485
2026-06-15 08:00:00,1.7098724
2026-06-15 09:00:00,1.8589504
2026-06-15 10:00:00,1.783743
2026-06-15 11:00:00,1.483284
2026-06-15 12:00:00,1.1358258
2026-06-15 13:00:00,0.86479956
2026-06-15 14:00:00,0.6389392
2026-06-15 15:00:00,0.40675044
2026-06-15 16:00:00,0.21660514
2026-06-15 17:00:00,0.0918006
2026-06-15 18:00:00,0.40933794
2026-06-15 19:00:00,0.76886916
2026-06-15 20:00:00,1.1599241
2026-06-15 21:00:00,1.3904309
2026-06-15 22:00:00,1.3068823
2026-06-15 23:00:00,1.109106
2026-06-16 00:00:00,0.8717599
2026-06-16 01:00:00,0.6258323
2026-06-16 02:00:00,0.41371894
2026-06-16 03:00:00,0.21500772
2026-06-16 04:00:00,0.044405162
2026-06-16 05:00:00,-0.015715042
2026-06-16 06:00:00,0.4249163
